Production Year,Production Date Entered,Operator,County,Town,Field,Producing Formation,Active Oil Wells,Inactive Oil Wells,Active Gas Wells,Inactive Gas Wells,Injection Wells,Disposal Wells,Self-use Well,"Oil Produced, bbl","Gas Produced, Mcf","Water produced, bbl","Taxable Gas, Mcf",Purchaser Codes,Location
2000,2001-08-24,Pennzoil Products Co.,Cattaraugus,CARROLLTON,CHIPMUNK,CHIPMUNK,951,18,1,0,798,0,NO,304858.5,54557,3858936,5062,"OA,OX","CARROLLTON, NY
(42.023289, -78.628438)"
2000,2001-04-11,Rogor Petroleum Corp.,Cattaraugus,OLEAN,BRADFORD,BRADFORD,20,0,0,0,0,0,NO,2749.5,2700,1200,0,,"OLEAN, NY
(42.077495, -78.429849)"
2000,2001-06-22,Seis-Ex Geophysical Ltd,Chautauqua,KIANTONE,LAKESHORE,MEDINA,3,5,1,1,0,0,YES,619.5,11098,3435,0,,"KIANTONE, NY
(42.021944, -79.198276)"
2000,2001-08-22,Messer Oil Corp.,Allegany,BOLIVAR,RICHBURG,RICHBURG,28,30,1,0,0,0,NO,2224.5,1800,0,0,,"BOLIVAR, NY
(42.066701, -78.167667)"
2000,2001-04-19,Quaker State Corp.,Cattaraugus,OLEAN,FIVE MILE,BRADFORD,9,0,0,0,0,0,YES,619.5,400,40,0,,"OLEAN, NY
(42.077495, -78.429849)"
2000,2001-04-19,Quaker State Corp.,Cattaraugus,OLEAN,CHIPMUNK,BRADFORD,8,0,0,0,0,0,YES,762.0,500,50,0,,"OLEAN, NY
(42.077495, -78.429849)"
2000,2001-05-22,Moose Oil Co.,Allegany,BOLIVAR,RICHBURG,RICHBURG,38,56,0,0,76,0,NO,2472.0,686,19000,0,,"BOLIVAR, NY
(42.066701, -78.167667)"
2000,2001-08-22,"Greene, Kenneth & Myrtle",Allegany,WIRT,RICHBURG,RICHBURG,15,0,15,0,0,0,NO,922.5,1138,0,1138,"GX,OB","WIRT, NY
(42.137408, -78.150594)"
2000,2001-04-10,Berea Oil & Gas Corp.,Chautauqua,GERRY,LAKESHORE,BASS ISLAND/MEDINA,1,0,7,0,0,0,NO,7180.5,71536,0,0,,"GERRY, NY
(42.194749, -79.250394)"
2000,2001-05-22,U S Energy Development Corp.,Chautauqua,GERRY,GERRY-CHARLOTTE,BASS ISLAND,1,0,0,0,0,0,NO,2644.5,18953,10,0,,"GERRY, NY
(42.194749, -79.250394)"
2000,2001-08-24,Frank H. Stephan Oil Group,Cattaraugus,ALLEGANY,BRADFORD,BRADFORD,109,0,0,0,0,0,NO,5241.0,900,60400,900,OC,"ALLEGANY, NY
(42.088061, -78.491258)"
2000,2001-05-07,Libra Petroleum Company,Chautauqua,BUSTI,BUSTI,GLADE,67,0,0,0,0,0,NO,5302.5,1920,1636,0,,"BUSTI, NY
(42.038067, -79.283549)"
2000,2001-08-23,"Ekas, David & Archer",Cattaraugus,CARROLLTON,BRADFORD,CHIPMUNK,14,1,0,0,0,0,NO,426.0,80,40,0,OC,"CARROLLTON, NY
(42.023289, -78.628438)"
2000,2001-08-21,Case Oil Corp.,Allegany,BOLIVAR,RICHBURG,RICHBURG,15,87,3,1,89,0,NO,825.0,250,0,0,,"BOLIVAR, NY
(42.066701, -78.167667)"
2000,2001-04-11,Frank H. Stephan Oil Group,Cattaraugus,ALLEGANY,BRADFORD,BRADFORD,112,0,0,0,3,0,NO,7351.5,1000,0,0,,"ALLEGANY, NY
(42.088061, -78.491258)"
2000,2001-08-22,Surprise Oil Co.,Allegany,,,RICHBURG-WAUGH & PORTER,2,12,4,0,0,0,NO,33.0,300,80,128,"GX,OB","NY
(42.826892, -75.544286)"
2000,2001-12-29,Pennzoil Products Co.,Cattaraugus,OLEAN,BRADFORD,ONONDAGA,1,0,0,0,0,0,NO,59082.0,1070000,0,1070000,GJ,"OLEAN, NY
(42.077495, -78.429849)"
2000,2001-06-15,Quaker State Corp.,Cattaraugus,OLEAN,CHIPMUNK,BRADFORD,8,0,0,0,0,0,YES,886.5,500,100,250,,"OLEAN, NY
(42.077495, -78.429849)"
2000,2001-03-09,Potter Oil Co.,Allegany,INDEPENDENCE,BEECH HILL-INDEPENDENCE,FULMER VALLEY,29,5,0,0,6,0,NO,2329.5,15696,0,0,,"INDEPENDENCE, NY
(42.088045, -77.781386)"
2000,2001-08-24,Roy G. Stephan,Cattaraugus,OLEAN,BRADFORD,BRADFORD,7,16,7,16,0,0,NO,325.5,168,260,168,OA,"OLEAN, NY
(42.077495, -78.429849)"
2000,2001-06-14,"Huntington, Barbara A.",Cattaraugus,CARROLLTON,BRADFORD,BRADFORD,26,3,0,0,0,0,NO,6265.5,45000,2200,0,OA,"CARROLLTON, NY
(42.023289, -78.628438)"
2000,2001-08-22,Moose Oil Co.,Allegany,BOLIVAR,RICHBURG,WAUGH & PORTER,63,0,0,0,0,0,NO,2572.5,225000,53950,0,OB,"BOLIVAR, NY
(42.066701, -78.167667)"
2000,2001-06-14,Bucher Brothers,Cattaraugus,ALLEGANY,BRADFORD,BRADFORD,48,7,0,0,0,0,NO,1500.0,4070,51130,0,OA,"ALLEGANY, NY
(42.088061, -78.491258)"
2000,2001-04-23,"Chautauqua Energy, Inc.",Chautauqua,GERRY,GERRY-CHARLOTTE,BASS ISLAND,2,0,1,0,0,0,NO,38143.5,342595,350,0,,"GERRY, NY
(42.194749, -79.250394)"
2000,2001-04-23,"Tellinghuisen, George",Chautauqua,BUSTI,BUSTI,GLADE,9,3,0,0,0,0,NO,811.5,160000,68,0,,"BUSTI, NY
(42.038067, -79.283549)"
2000,2001-04-19,Don-Bess Energy Develop. Co.,Allegany,BOLIVAR,RICHBURG,WAUGH & PORTER,3,0,0,0,0,0,NO,894.0,2334,4184,0,,"BOLIVAR, NY
(42.066701, -78.167667)"
2000,2001-08-22,Messer Oil Corp.,Allegany,BOLIVAR,RICHBURG,RICHBURG,39,40,1,10,0,0,NO,4488.0,1800,0,1800,OB,"BOLIVAR, NY
(42.066701, -78.167667)"
2000,2001-08-22,Moose Oil Co.,Allegany,BOLIVAR,RICHBURG,RICHBURG,11,6,0,0,0,0,NO,1731.0,147600,10950,0,OB,"BOLIVAR, NY
(42.066701, -78.167667)"
2000,2001-05-07,C & R Oil & Gas Corp.,Cattaraugus,ALLEGANY,FIVE MILE,BRADFORD,42,3,0,0,0,0,NO,4464.0,2976,321,0,,"ALLEGANY, NY
(42.088061, -78.491258)"
2000,2001-04-11,"Dudar, John",Allegany,SCIO,RICHBURG,RICHBURG,7,0,1,0,0,0,NO,94.5,50,0,0,,"SCIO, NY
(42.171429, -77.97865)"
2000,2001-02-07,Pennzoil Products Co.,Cattaraugus,OLEAN,BRADFORD,BRADFORD,0,4,0,0,0,0,INACTIVE,799.5,6,3980,0,,"OLEAN, NY
(42.077495, -78.429849)"
2000,2001-02-07,Pennzoil Products Co.,Cattaraugus,CARROLLTON,CHIPMUNK,CHIPMUNK,366,24,0,0,297,0,NO,66060.0,678,1085208,0,,"CARROLLTON, NY
(42.023289, -78.628438)"
2000,2001-04-10,Berea Oil & Gas Corp.,Chautauqua,GERRY,LAKESHORE,BASS ISLAND/MEDINA,1,0,30,0,0,0,NO,1012.5,160598,0,0,,"GERRY, NY
(42.194749, -79.250394)"
2000,2001-06-14,"Ekas, David & Archer",Cattaraugus,CARROLLTON,BRADFORD,CHIPMUNK,14,2,0,0,0,0,NO,364.5,100,90,0,OC,"CARROLLTON, NY
(42.023289, -78.628438)"
2000,2001-03-26,"Beaver, Albert H",Cattaraugus,OLEAN,BRADFORD,BRADFORD,7,1,0,0,0,0,NO,213.0,10336,115,0,,"OLEAN, NY
(42.077495, -78.429849)"
2000,2001-04-10,Miller Drilling Co.,Cattaraugus,ALLEGANY,BRADFORD,BRADFORD,4,0,0,0,0,0,NO,207.0,200,300,0,,"ALLEGANY, NY
(42.088061, -78.491258)"
2000,2001-05-06,Richardson Petroleum Corp.,Allegany,INDEPENDENCE,BEECH HILL-INDEPENDENCE,FULMER VALLEY,194,0,0,0,64,0,NO,30246.0,60854,0,60854,"GK,OB","INDEPENDENCE, NY
(42.088045, -77.781386)"
2000,2001-08-24,"Stevenson, Scott R Jr",Cattaraugus,CARROLLTON,BRADFORD,BRADFORD,18,1,0,0,0,0,NO,501.0,540,550,0,OA,"CARROLLTON, NY
(42.023289, -78.628438)"
2000,2001-06-15,"Stevenson, Scott R Jr",Cattaraugus,CARROLLTON,BRADFORD,BRADFORD,18,1,0,0,0,0,NO,723.0,5400,550,5400,OA,"CARROLLTON, NY
(42.023289, -78.628438)"
2000,2001-06-15,Pennzoil Products Co.,Cattaraugus,OLEAN,BRADFORD,BRADFORD,258,11,1,0,160,0,NO,318427.5,41914,3368660,41914,OA,"OLEAN, NY
(42.077495, -78.429849)"
2000,2001-05-22,"Stevenson, Scott R Jr",Cattaraugus,CARROLLTON,BRADFORD,BRADFORD,19,0,0,0,0,0,NO,1039.5,250,550,0,,"CARROLLTON, NY
(42.023289, -78.628438)"
2000,2001-05-22,Bruce Ingalls & Son,Allegany,BOLIVAR,RICHBURG,RICHBURG,6,10,0,0,0,0,NO,466.5,325,100,0,,"BOLIVAR, NY
(42.066701, -78.167667)"
2000,2001-06-15,"W.H. Larson, Inc.",Cattaraugus,ALLEGANY,BRADFORD,CHIPMUNK,18,13,0,0,0,0,NO,867.0,1,1802,1,"GT,OA","ALLEGANY, NY
(42.088061, -78.491258)"
2000,2001-04-10,Richardson Petroleum Corp.,Allegany,INDEPENDENCE,BEECH HILL-INDEPENDENCE,FULMER VALLEY,199,0,0,0,68,0,NO,29685.0,113697,0,0,,"INDEPENDENCE, NY
(42.088045, -77.781386)"
2000,2001-04-11,"Huntington, Barbara A.",Cattaraugus,CARROLLTON,BRADFORD,BRADFORD,26,3,0,0,0,0,NO,7015.5,42000,2700,0,,"CARROLLTON, NY
(42.023289, -78.628438)"
2000,2001-08-23,"Huntington, Barbara A.",Cattaraugus,CARROLLTON,BRADFORD,BRADFORD,25,4,0,0,0,0,NO,2113.5,30000,2800,1409,OA,"CARROLLTON, NY
(42.023289, -78.628438)"
2000,2001-06-14,"Yahn & Yahn, Inc.",Allegany,INDEPENDENCE,BEECH HILL-INDEPENDENCE,FULMER VALLEY,12,0,0,0,6,0,NO,2644.5,870,8900,4120,OB,"INDEPENDENCE, NY
(42.088045, -77.781386)"
2000,2001-08-23,Global Petroleum of PA. Inc.,Cattaraugus,,,CHIPMUNK,14,0,14,0,0,0,NO,2542.5,4414,0,4414,"GH,OB","NY
(42.826892, -75.544286)"
2000,2001-03-05,"Winger, Philip G. & Diane E.",Cattaraugus,CARROLLTON,BRADFORD,CHIPMUNK,1,0,0,0,0,0,NO,1069.5,385,700,0,,"CARROLLTON, NY
(42.023289, -78.628438)"
2000,2001-08-22,"Ames, Harlan E.",Allegany,WIRT,RICHBURG,RICHBURG,10,2,0,0,0,0,NO,208.5,200,450,0,OB,"WIRT, NY
(42.137408, -78.150594)"
